word,count
ERA,609
AREA,519
ERE,497
ONE,489
ELI,477
ORE,474
ATE,460
ALE,456
ETA,444
ALI,430
ERIE,424
OLE,420
ARE,419
ERR,415
ALA,403
ALOE,401
IRE,394
ODE,394
EEL,384
ADO,381
ARIA,380
EAR,377
EDEN,376
ESS,373
ACE,372
ANTE,371
ELSE,371
SPA,370
ENE,367
ASH,362
IRA,360
END,351
NEE,347
APE,337
ESE,336
EST,334
AGE,329
SEE,328
EAT,323
OREO,323
IDEA,315
ANT,312
EVE,312
EGO,308
ART,307
ICE,307
TEE,305
NET,304
AHA,301
ASS,301
ANTI,300
TEA,297
TEN,297
ANA,294
ARI,294
TAR,293
ISEE,291
LEE,290
SEA,290
ASIA,285
ASEA,284
ETE,284
ECO,280
ORAL,280
ELS,279
SET,279
SHE,278
TNT,274
EPEE,273
EROS,272
ESP,272
TSAR,272
ODOR,271
USE,270
ACRE,269
ETNA,269
ALAS,268
EASE,268
YES,267
EON,266
IDO,266
NOR,263
ONCE,262
OSLO,262
ALEE,261
ETAL,261
TREE,260
OAR,259
LIE,258
NEO,257
STAR,257
ADS,255
RIO,255
ECHO,254
ISLE,254
LEI,253
OLEO,253
AMI,252
EPA,252
IDOL,252
ENS,251
RES,251
STY,251
ENDS,250
RNA,250
RTE,249
AIR,248
EDGE,248
ANON,246
OBOE,246
ALL,245
ONO,245
STE,245
ANN,244
ERIN,241
ETS,240
EWE,240
ENOS,239
IRON,239
NRA,239
ANNE,238
OAT,238
EDIT,237
ONES,237
ACT,236
AMEN,235
RAN,235
SSE,235
ASAP,234
ASHE,234
ALEC,233
ENO,233
ABE,232
ACHE,231
STIR,231
ESSO,230
ALTO,229
LEA,229
LET,229
TOE,229
ELAN,228
EMU,228
ITEM,228
RAE,228
ROE,228
ARES,227
ETON,227
AERO,226
ADAM,225
AMA,225
RED,225
ERAS,224
OIL,224
EYE,223
EAST,222
IRAN,222
OMAR,222
RAT,222
TIE,222
ALOT,221
ABLE,220
ADE,220
ERS,220
OTTO,220
ARC,219
INRE,218
ERIC,217
LES,217
RARE,217
AGO,216
IDA,215
NEST,215
ELLA,214
ELO,214
KNEE,214
LEO,214
PER,214
TSE,214
IAN,213
ITS,213
ORR,213
DEN,212
ETTE,212
ILE,212
REST,212
AXE,210
NERO,210
OGRE,210
SRO,210
ALAN,209
SLY,209
UTE,209
ASP,208
OPAL,208
OTIS,208
SAT,208
EDNA,207
ITO,207
ADA,206
APSE,206
ARLO,206
ATOM,206
EMIT,206
ENID,206
OMEN,206
SIR,206
URN,206
EVA,205
OVA,205
ANNA,204
IDLE,204
ILL,204
INN,204
ION,204
OER,204
ARM,203
ELL,203
ETC,203
ETRE,203
IOTA,203
ALES,202
TED,202
OLD,201
ORES,201
OVER,201
USER,201
ATM,200
AVE,200
EDS,200
NEA,200
NIL,200
ORO,200
PTA,200
DNA,199
ETTA,198
RENO,198
AWE,197
AAA,196
ESAU,196
AFAR,195
ALSO,195
EER,195
NEAT,195
ONTO,195
UTAH,195
RENE,194
SOS,194
ANTS,193
NED,193
ABET,192
ERLE,192
IRS,192
STET,192
ANEW,191
ASA,191
EVER,191
SAD,191
SNL,191
USA,190
ANY,189
ELIA,189
RAH,189
ARAB,188
ARID,188
AVA,188
NTH,188
SRI,188
ELAL,187
EPIC,187
IRIS,187
NNE,187
ASTI,185
ELM,185
INTO,185
PEA,185
RCA,185
SST,185
STAT,185
AND,184
TAN,184
AGEE,183
OMIT,183
PRO,183
SRS,183
UNIT,183
ACNE,182
EMO,182
ESTE,182
OGLE,182
STEP,182
UNO,182
ALIT,181
AURA,181
EKE,181
SAL,181
STAN,181
HER,180
ODES,180
SSTS,180
STEM,179
TERI,179
TRA,179
ASTA,178
BRA,178
NEED,178
ARA,177
EGAD,177
ERRS,177
TRI,177
URGE,177
ELLE,176
EURO,176
OTT,176
REA,176
ADD,175
AONE,175
EDAM,175
EIRE,175
NEON,175
ORCA,175
OPEN,174
PSST,174
ROT,174
ANO,173
ESSE,173
EVIL,173
INCA,173
LSD,173
MAR,173
ACES,172
ALT,172
EMIR,172
IGOR,172
PAR,172
RUE,172
TIS,172
APT,171
GEE,171
AKA,170
ANI,170
AVER,170
ECRU,170
ENT,170
INS,170
ONEA,170
OVAL,170
SON,170
ACME,169
ASST,169
ATOP,169
EVEN,169
TON,169
ABA,168
AJAR,168
ELSA,168
ERN,168
SEN,168
SNAP,168
ALAI,167
OWE,167
TIN,167
AOL,166
ELK,166
OBI,166
OMNI,166
ORA,166
TAO,166
ETAS,165
TOT,165
ACTS,164
ARTS,164
CIA,164
ERGO,164
GAS,164
LED,164
NAT,164
REO,164
RYE,164
TRIO,164
ICON,163
NESS,163
OPT,163
SENT,163
SLO,163
SPAR,163
SSS,163
ABS,162
AGES,162
SIS,162
SNO,162
ABEL,161
ASK,161
EGOS,161
RAP,161
REED,161
URAL,161
YEN,161
CAR,160
SLED,160
SRA,160
EDIE,159
MIA,159
OMAN,159
OTOE,159
RENT,159
EAU,158
EGG,158
ELF,158
ODD,158
REAR,158
ARAL,157
AVON,157
PAL,157
TDS,157
URSA,157
EARL,156
NOSE,156
PSI,156
TEEN,156
AIL,155
ERAT,155
ERTE,155
ETTU,155
NSA,155
OHIO,155
SAG,155
SCAR,155
STS,155
AMES,154
ASIS,154
ATIT,154
EEN,154
RIOT,154
TEL,154
USES,154
YET,154
ESC,153
OLA,153
ONA,153
TRE,153
AGRA,152
ALP,152
CPA,152
DOE,152
EELS,152
HEN,152
ONUS,152
ORB,152
SARI,152
SSN,152
CAT,151
NAP,151
OLIO,151
PEN,151
PIE,151
REN,151
AMP,150
ASTO,150
ATA,150
NEAR,150
RHO,150
SAN,150
YEA,150
ERG,149
LIAR,149
RATE,149
RBI,149
REP,149
ROO,149
TET,149
REEL,148
STA,148
STU,148
ULNA,148